account,position_start_block,position_end_block,position_start_date,position_end_date,tokenA,tokenB,position_investment_value,position_redemption_value,position_redemption_value_if_held,pool_net_gain,hodl_net_gain,pool_roi,hodl_roi,pool_vs_hodl_roi,claimed_rewards_in_USD
0x01e060498c74141ec7454c6b8cc670dd1a99a2dc,12453089,12466463,2021-05-17,2021-05-19,0x5a98fcbea516cf06857215779fd812ca3bef1b32,0xc02aaa39b223fe8d0a0e5c4f27ead9083c756cc2,15053.996656807078,16398.23395412077,16343.476765711352,1344.2372973136917,1289.480108904274,0.08929437995496418,0.08565699450459224,0.003350400235786942,7.892381358614297
0x01e060498c74141ec7454c6b8cc670dd1a99a2dc,12518144,12677018,2021-05-27,2021-06-21,0x5a98fcbea516cf06857215779fd812ca3bef1b32,0xc02aaa39b223fe8d0a0e5c4f27ead9083c756cc2,6683.433598324846,2042.2925030034157,6205.482687596206,-4641.14109532143,-477.9509107286394,-0.6944246586791404,-0.07151277912724896,-0.6708890176930732,0
0x0285c10aa06ac166f2576ab2d3473fc42cefb933,11756528,11756546,2021-01-30,2021-01-30,0x5a98fcbea516cf06857215779fd812ca3bef1b32,0xc02aaa39b223fe8d0a0e5c4f27ead9083c756cc2,4818.460130141471,4818.460130141471,4818.460130141471,0.0,0.0,0.0,0.0,0.0,0
0x03a82ee7997c87e7c6bd227fd3af77a3f175fb91,13058245,13212465,2021-08-19,2021-09-12,0x5a98fcbea516cf06857215779fd812ca3bef1b32,0xc02aaa39b223fe8d0a0e5c4f27ead9083c756cc2,1130652.1447768821,1052295.6032394546,1035277.400838958,-78356.54153742758,-95374.74393792416,-0.06930207659305339,-0.08435374609115077,0.016438301837464562,6004.080314142956
0x078c227abb3da09cc26d04d94afcee1f30314305,14742283,15032913,2022-05-09,2022-06-27,0x5a98fcbea516cf06857215779fd812ca3bef1b32,0xc02aaa39b223fe8d0a0e5c4f27ead9083c756cc2,1631.3231714068152,622.3079060731893,625.7007213388003,-1009.0152653336258,-1005.6224500680148,-0.6185256747524003,-0.6164458812908232,-0.0054224250506719725,0.00011458666782840819
0x090a0fb9248aea544fbdc5b4c16a4e275d5a5bf7,14464051,14880121,2022-03-26,2022-05-31,0x5a98fcbea516cf06857215779fd812ca3bef1b32,0xc02aaa39b223fe8d0a0e5c4f27ead9083c756cc2,267562.07727861434,56022.07842463833,120951.5074801019,-211539.99885397602,-146610.56979851244,-0.7906202590649567,-0.54794973671043,-0.5368219909631577,0
0x0946a5669fc9ab7670e32197b54c1cd420669444,14408255,14545910,2022-03-18,2022-04-08,0x5a98fcbea516cf06857215779fd812ca3bef1b32,0xc02aaa39b223fe8d0a0e5c4f27ead9083c756cc2,45647.95699315556,64831.78702090934,63691.61422868463,19183.83002775378,18043.65723552907,0.420256048493697,0.39527852776049827,0.017901458551999008,0
0x0c470f23b09847fc99e20b63aa9b0c3db13bacf7,14433588,14507786,2022-03-22,2022-04-02,0x5a98fcbea516cf06857215779fd812ca3bef1b32,0xc02aaa39b223fe8d0a0e5c4f27ead9083c756cc2,15110.067307335281,6161.31585017801,19067.90320400498,-8948.751457157272,3957.835896669698,-0.5922376965728698,0.2619337039450738,-0.6768750195415351,70.36175871620523
0x0ea4a285e1353f490ec7f473ab3174cac71cf79a,13750471,13995211,2021-12-06,2022-01-13,0x5a98fcbea516cf06857215779fd812ca3bef1b32,0xc02aaa39b223fe8d0a0e5c4f27ead9083c756cc2,1201023.99190811,925823.1483064126,909415.25477302,-275200.84360169736,-291608.73713508993,-0.22913850635446165,-0.2428000931703293,0.018042245769769722,19928.58198609729
0x0ea4a285e1353f490ec7f473ab3174cac71cf79a,14262559,14356966,2022-02-23,2022-03-10,0x5a98fcbea516cf06857215779fd812ca3bef1b32,0xc02aaa39b223fe8d0a0e5c4f27ead9083c756cc2,475847.89250724984,578140.7718655898,587724.0901526924,102292.87935833994,111876.19764544256,0.2149697013878893,0.2351091586346325,-0.01630581160049582,3882.7282328954752
0x0f87dd03a74e6a48d56661d96f44880c79b9d795,14469011,14761230,2022-03-27,2022-05-12,0x5a98fcbea516cf06857215779fd812ca3bef1b32,0xc02aaa39b223fe8d0a0e5c4f27ead9083c756cc2,699371.5987944363,121543.20837072053,362798.40047634445,-577828.3904237158,-336573.19831809186,-0.8262108318664435,-0.4812508813601674,-0.6649841669336535,3412.2014509492033
0x108d506e20aa71ac714f8ce455b3effcaa683d05,13902691,13948000,2021-12-29,2022-01-05,0x5a98fcbea516cf06857215779fd812ca3bef1b32,0xc02aaa39b223fe8d0a0e5c4f27ead9083c756cc2,17300.75051469492,20065.02213696418,20186.948119796805,2764.2716222692616,2886.1976051018864,0.1597775553101782,0.1668249942481054,-0.00603984228369098,56.40524722914083
0x136bbfe37988f82f8585ed155615b75371489d45,12623938,12631186,2021-06-13,2021-06-14,0x5a98fcbea516cf06857215779fd812ca3bef1b32,0xc02aaa39b223fe8d0a0e5c4f27ead9083c756cc2,244.96813859115343,262.0151363760125,261.98287458338467,17.04699778485906,17.014735992231238,0.06958863255809006,0.06945693464499261,0.00012314466233384608,0
0x13fd513c2104941bc399589b5391957b27392e8b,14415872,14422230,2022-03-19,2022-03-20,0x5a98fcbea516cf06857215779fd812ca3bef1b32,0xc02aaa39b223fe8d0a0e5c4f27ead9083c756cc2,11739.805974235285,12700.189861702704,12729.41040961671,960.3838874674184,989.604435381425,0.08180577171165526,0.0842947862642071,-0.0022955146368704793,4.135921551152622
0x16f037a3ddf53da1b047a926e1833219f0a8e1fc,13035025,13267201,2021-08-16,2021-09-21,0x5a98fcbea516cf06857215779fd812ca3bef1b32,0xc02aaa39b223fe8d0a0e5c4f27ead9083c756cc2,155249.90799008694,188403.7055207771,182908.24510400163,33153.79753069015,27658.33711391469,0.21355115735596503,0.17815364577015233,0.030044902643129836,1490.8072836837332
0x17fe4ed21e35b5ad800179b0c20447ca3f5280db,12533042,12867523,2021-05-30,2021-07-21,0x5a98fcbea516cf06857215779fd812ca3bef1b32,0xc02aaa39b223fe8d0a0e5c4f27ead9083c756cc2,3026.2543317467207,2349.436041324846,2307.5351224295,-676.8182904218747,-718.7192093172207,-0.22364884647062122,-0.23749464867428505,0.018158301682199476,0
0x18a229c7b42c09f86df3470f4ee0535d5e1c64a1,13274187,13274906,2021-09-22,2021-09-22,0x5a98fcbea516cf06857215779fd812ca3bef1b32,0xc02aaa39b223fe8d0a0e5c4f27ead9083c756cc2,21944.335239096727,21861.332620373047,21861.15249883396,-83.00261872367992,-83.18274026276777,-0.0037824166382493013,-0.003790624749232173,8.239343241279575e-06,0.524030780994656
0x19b3537851e4da81e17f0c390054f24f28b2d75e,14176055,14411727,2022-02-10,2022-03-18,0x5a98fcbea516cf06857215779fd812ca3bef1b32,0xc02aaa39b223fe8d0a0e5c4f27ead9083c756cc2,46226.00837517192,52823.027840721115,55295.36569913101,6597.019465549194,9069.357323959091,0.14271228897826416,0.19619598669112562,-0.04471148399419576,802.5572769982126
0x19fdeaae07671d872c88885fd427583a5b1ca49f,14524619,14524625,2022-04-05,2022-04-05,0x5a98fcbea516cf06857215779fd812ca3bef1b32,0xc02aaa39b223fe8d0a0e5c4f27ead9083c756cc2,15842.384775227985,16055.120925213116,16055.115963450568,212.7361499851304,212.7311882225822,0.013428290816277623,0.013427977620845332,3.0904557522268376e-07,0
0x1a91c0df156a5f38aec0813d055aa0184fc47826,11733334,11774665,2021-01-26,2021-02-02,0x5a98fcbea516cf06857215779fd812ca3bef1b32,0xc02aaa39b223fe8d0a0e5c4f27ead9083c756cc2,758.4174473914616,5090.331300601494,1018.9397628443903,4331.913853210032,260.52231545292875,5.7117803237642155,0.34350780872589637,3.9957136684819665,7.670793743823268
0x1ac7c010a7623f646d391c0c3e95135004702c8f,12803297,12812770,2021-07-11,2021-07-12,0x5a98fcbea516cf06857215779fd812ca3bef1b32,0xc02aaa39b223fe8d0a0e5c4f27ead9083c756cc2,3590.225199303423,3563.8996884357252,3563.5596032704934,-26.32551086769763,-26.665596032929443,-0.007332551415661981,-0.007427276717377816,9.543411731340084e-05,0
0x1ac7c010a7623f646d391c0c3e95135004702c8f,13075188,13173235,2021-08-22,2021-09-06,0x5a98fcbea516cf06857215779fd812ca3bef1b32,0xc02aaa39b223fe8d0a0e5c4f27ead9083c756cc2,5917.6272641177275,4635.3747212142225,4726.098286455478,-1282.252542903505,-1191.5289776622494,-0.21668356009487172,-0.20135248884079507,-0.01919629253188833,21.26792565787447
0x1b12399bc51c22bae041ea6b425440aae1ae4f40,12801326,12900082,2021-07-10,2021-07-26,0x5a98fcbea516cf06857215779fd812ca3bef1b32,0xc02aaa39b223fe8d0a0e5c4f27ead9083c756cc2,2210.9476141060213,1925.5197152469664,1917.3803309051252,-285.42789885905495,-293.5672832008961,-0.12909754036595092,-0.13277894117794267,0.004245054677284003,17.59223365593987
0x21c8dc59f2e9a11c4c1a0c310641968132c6b1be,13549368,13887692,2021-11-04,2021-12-27,0x5a98fcbea516cf06857215779fd812ca3bef1b32,0xc02aaa39b223fe8d0a0e5c4f27ead9083c756cc2,1891993.818316279,1823090.015587386,1756837.9293813352,-68903.802728893,-135155.88893494383,-0.03641861937488348,-0.07143569266797162,0.03771098352218596,5417.503207493977
0x21c8dc59f2e9a11c4c1a0c310641968132c6b1be,13900361,14062517,2021-12-29,2022-01-23,0x5a98fcbea516cf06857215779fd812ca3bef1b32,0xc02aaa39b223fe8d0a0e5c4f27ead9083c756cc2,1776160.0664192273,1575135.2869616367,1556714.3272175072,-201024.77945759054,-219445.7392017201,-0.11317942749543984,-0.12355065478086495,0.011833230684691803,2101.9760496979784
0x25953c127efd1e15f4d2be82b753d49b12d626d7,14543723,14741925,2022-04-08,2022-05-09,0x5a98fcbea516cf06857215779fd812ca3bef1b32,0xc02aaa39b223fe8d0a0e5c4f27ead9083c756cc2,983107.6847020609,769966.1537507051,759602.2801426293,-213141.53095135582,-223505.4045594316,-0.21680384994238974,-0.22734580152037648,0.013643815821787387,2880.217979303079
0x26476944ed3963f09a4178bda9fea0def3a627a4,14616728,14935583,2022-04-19,2022-06-10,0x5a98fcbea516cf06857215779fd812ca3bef1b32,0xc02aaa39b223fe8d0a0e5c4f27ead9083c756cc2,1106.2597003989936,607.3334633086295,604.8263112505757,-498.9262370903641,-501.43338914841786,-0.4510028132728842,-0.4532691455429194,0.004145243041543295,3.8586918347999335
0x281b9e32ad7881b44d9affc88ab9f91c618a4a43,12345347,12358242,2021-05-01,2021-05-03,0x5a98fcbea516cf06857215779fd812ca3bef1b32,0xc02aaa39b223fe8d0a0e5c4f27ead9083c756cc2,19840.84707139439,17312.643774508782,17453.82637301921,-2528.2032968856074,-2387.0206983751814,-0.12742416126631273,-0.12030840668172262,-0.008088919615281121,0
0x28fbaced10d2a547b9f47db5f6b49d44301b6c85,12673921,12781956,2021-06-21,2021-07-07,0x5a98fcbea516cf06857215779fd812ca3bef1b32,0xc02aaa39b223fe8d0a0e5c4f27ead9083c756cc2,77079.78976193068,202183.05209575908,79272.60776892511,125103.2623338284,2192.8180069944356,1.6230358531104385,0.0284486765437113,1.5504781258755929,385.5749251158248
0x296e0c21db4061ebf971e55d5db85011e7ff9797,13617454,13721266,2021-11-15,2021-12-01,0x5a98fcbea516cf06857215779fd812ca3bef1b32,0xc02aaa39b223fe8d0a0e5c4f27ead9083c756cc2,20812.056728109776,17871.95682919733,17864.491631973448,-2940.0998989124455,-2947.565096136328,-0.14126907000697358,-0.1416277658015031,0.0004178790741809599,284.8779132095253
0x29feaa65869e737ad53bfc2325bd8ffed8d27a07,14466343,14467389,2022-03-27,2022-03-27,0x5a98fcbea516cf06857215779fd812ca3bef1b32,0xc02aaa39b223fe8d0a0e5c4f27ead9083c756cc2,422994.63549911225,425287.89452811866,425283.04392172024,2293.259029006411,2288.4084226079867,0.005421484899685504,0.005410017599650598,1.1405595562180374e-05,0
0x2a928bdd1fe79cc7fee3694475bee00663f7e3b1,12906263,13002580,2021-07-27,2021-08-11,0x5a98fcbea516cf06857215779fd812ca3bef1b32,0xc02aaa39b223fe8d0a0e5c4f27ead9083c756cc2,169.52978190284895,363.11334420017226,372.4226222011446,193.5835622973233,202.89284029829562,1.1418852789432519,1.1967976247062346,-0.0249965427608863,1.6321025895306351
0x2abd9bc4c2d22a8754e82684ab1c04b9cd85cd73,12640268,12974354,2021-06-15,2021-08-07,0x5a98fcbea516cf06857215779fd812ca3bef1b32,0xc02aaa39b223fe8d0a0e5c4f27ead9083c756cc2,2695.5768801623863,4047.1983833200647,4106.4638868083475,1351.6215031576785,1410.8870066459613,0.5014219824723584,0.5234081865848942,-0.014432247578912838,48.78381978044656
0x2b53db5d22d4884ca4d9583728f2a2e46ae416eb,11735574,11751096,2021-01-27,2021-01-29,0x5a98fcbea516cf06857215779fd812ca3bef1b32,0xc02aaa39b223fe8d0a0e5c4f27ead9083c756cc2,737.8931485152234,701.0158484118115,705.9270415724668,-36.877300103411926,-31.966106942756596,-0.04997647718726733,-0.04332078026077119,-0.00695708319901664,0.3880272357697408
0x2e134be75b6e025b8f25cfb731c5153500cffa8c,12339895,12352835,2021-04-30,2021-05-02,0x5a98fcbea516cf06857215779fd812ca3bef1b32,0xc02aaa39b223fe8d0a0e5c4f27ead9083c756cc2,609.311255354282,568.1989234452873,568.3342713829965,-41.11233190899475,-40.97698397128556,-0.06747344899297834,-0.0672513163201944,-0.0002381484709338853,0
0x2e9af3a1f42435354846bff3681771b5e3551121,14442282,14548974,2022-03-23,2022-04-09,0x5a98fcbea516cf06857215779fd812ca3bef1b32,0xc02aaa39b223fe8d0a0e5c4f27ead9083c756cc2,32231.197624625253,62866.10177533316,33041.287846880834,30634.90415070791,810.0902222555815,0.950473653119928,0.02513373011112243,0.9026528889147961,209.498591067023
0x3001e596598ee874eed074b66e7231477189609a,14315999,14328016,2022-03-03,2022-03-05,0x5a98fcbea516cf06857215779fd812ca3bef1b32,0xc02aaa39b223fe8d0a0e5c4f27ead9083c756cc2,4147.535049149494,4449.7962466249555,4449.1605937153845,302.2611974754618,301.6255445658908,0.07287730999101368,0.07272404958403982,0.00014287030017952614,3.254409813949772
0x319d84cae0f06f1f73b722623e08cdfc54cfd30a,12731034,13999454,2021-06-29,2022-01-13,0x5a98fcbea516cf06857215779fd812ca3bef1b32,0xc02aaa39b223fe8d0a0e5c4f27ead9083c756cc2,86693.73493578508,154302.07571293158,136475.64238507074,67608.3407771465,49781.90744928566,0.7798526713288415,0.5742272782013559,0.13061988950059633,1451.4728407446262
0x31a6e47b1d6159ba059a0cf302c88f59264ac412,12719635,12786584,2021-06-28,2021-07-08,0x5a98fcbea516cf06857215779fd812ca3bef1b32,0xc02aaa39b223fe8d0a0e5c4f27ead9083c756cc2,975.4370391072017,2074.998141324351,1071.2713875558206,1099.5611022171493,95.83434844861893,1.1272496923261761,0.09824760041543451,0.9369490919183437,6.801130179094606
0x31a6e47b1d6159ba059a0cf302c88f59264ac412,12799512,12799524,2021-07-10,2021-07-10,0x5a98fcbea516cf06857215779fd812ca3bef1b32,0xc02aaa39b223fe8d0a0e5c4f27ead9083c756cc2,256.7248461618211,256.7248461618211,256.7248461618211,0.0,0.0,0.0,0.0,0.0,0
0x3250a2576611f3bfbdead0005b9e3a2a1f6faf50,13926795,14868619,2022-01-02,2022-05-29,0x5a98fcbea516cf06857215779fd812ca3bef1b32,0xc02aaa39b223fe8d0a0e5c4f27ead9083c756cc2,3554.180118374683,1739.1703911694676,1617.3950236853411,-1815.0097272052153,-1936.7850946893418,-0.5106690338572977,-0.5449316101557139,0.07529104869301087,39.61989425609081
0x333345727be2ec482baf99a25cb1765cb7b78de6,12079074,12122897,2021-03-21,2021-03-27,0x5a98fcbea516cf06857215779fd812ca3bef1b32,0xc02aaa39b223fe8d0a0e5c4f27ead9083c756cc2,153994.686188852,216232.65155365173,216994.39625363093,62237.96536479972,62999.71006477892,0.4041565777696637,0.4091031426079142,-0.0035104348920091287,0
0x3584edc284e153462ef2e831ecb51ec501715ae7,12497147,13035214,2021-05-24,2021-08-16,0x5a98fcbea516cf06857215779fd812ca3bef1b32,0xc02aaa39b223fe8d0a0e5c4f27ead9083c756cc2,53420.57287645226,10613.086935946507,104266.55731006779,-42807.48594050575,50845.98443361553,-0.8013295933667393,0.951805300763227,-0.8982119750594112,0
0x3c229864378b3b0adf98ae247ca33986aed8ec1e,12734555,14779557,2021-06-30,2022-05-15,0x5a98fcbea516cf06857215779fd812ca3bef1b32,0xc02aaa39b223fe8d0a0e5c4f27ead9083c756cc2,17699.008416269557,11133.86717142376,9616.925955784807,-6565.141244845796,-8082.082460484749,-0.37093271501079605,-0.45664041003875744,0.1577366013436422,179.04486130453463
0x3c38bbfe05dc772842c114526b61f2347b609bbc,13915176,13927718,2021-12-31,2022-01-02,0x5a98fcbea516cf06857215779fd812ca3bef1b32,0xc02aaa39b223fe8d0a0e5c4f27ead9083c756cc2,43340.49617893399,45799.66112134,45811.611663823525,2459.164942406016,2471.1154848895385,0.05674058119346852,0.0570163173648816,-0.00026086273871389544,36.218284336849536
0x3cacb4468b53fba62bb30ed5975a78864ecf5ff9,11737588,11874602,2021-01-27,2021-02-17,0x5a98fcbea516cf06857215779fd812ca3bef1b32,0xc02aaa39b223fe8d0a0e5c4f27ead9083c756cc2,5164.625560346916,5492.172059851593,5417.069333544296,327.54649950467683,252.44377319737941,0.06342115138404632,0.04887939507862838,0.013864088067368151,30.301966404278918
0x3da7d21f1a06c7ce19ee593f76148fae6e952ca3,13573764,13573775,2021-11-08,2021-11-08,0x5a98fcbea516cf06857215779fd812ca3bef1b32,0xc02aaa39b223fe8d0a0e5c4f27ead9083c756cc2,92787.18857212167,92787.18857212167,92787.18857212167,0.0,0.0,0.0,0.0,0.0,0
0x3da7d21f1a06c7ce19ee593f76148fae6e952ca3,13573827,14216391,2021-11-08,2022-02-16,0x5a98fcbea516cf06857215779fd812ca3bef1b32,0xc02aaa39b223fe8d0a0e5c4f27ead9083c756cc2,92787.18857212167,53441.94044465922,52287.90492514361,-39345.248127462444,-40499.28364697806,-0.4240375070409656,-0.436474951663168,0.022070792875862118,3649.6340658596137
0x3e42438be8fd93ba4488a12c1c036457183ae1cb,13496213,14254132,2021-10-27,2022-02-22,0x5a98fcbea516cf06857215779fd812ca3bef1b32,0xc02aaa39b223fe8d0a0e5c4f27ead9083c756cc2,10581.880796440739,5983.144807214861,5668.622683408314,-4598.735989225877,-4913.258113032425,-0.43458588106309815,-0.4643085863039603,0.05548475200636187,0.004170607174350134
0x4013ef4d19003e4c1b68bd599c62dd31ccf3772f,13294327,13970861,2021-09-25,2022-01-09,0x5a98fcbea516cf06857215779fd812ca3bef1b32,0xc02aaa39b223fe8d0a0e5c4f27ead9083c756cc2,2932.392426924597,2609.707697403572,2583.948992192776,-322.684729521025,-348.44343473182107,-0.11004145507886433,-0.11882564950464622,0.009968735949751409,7.844626909041995
0x4062b997279de7213731dbe00485722a26718892,12597999,12946162,2021-06-09,2021-08-02,0x5a98fcbea516cf06857215779fd812ca3bef1b32,0xc02aaa39b223fe8d0a0e5c4f27ead9083c756cc2,3718.0645638290243,4225.9259991909685,4160.255461737024,507.86143536194413,442.1908979079999,0.13659295761096907,0.11893039787684927,0.01578521753241685,40.01843932276676
0x4064023610a479f9a0415ee98f87895a0e2e0884,12168319,12188957,2021-04-03,2021-04-07,0x5a98fcbea516cf06857215779fd812ca3bef1b32,0xc02aaa39b223fe8d0a0e5c4f27ead9083c756cc2,65384.50317576436,66093.93374270573,67394.10308583811,709.4305669413734,2009.5999100737536,0.010850133173518298,0.030735110193796482,-0.019292034222584555,51.01043028535924
0x425d16b0e08a28a3ff9e4404ae99d78c0a076c5a,11724064,12238137,2021-01-25,2021-04-14,0x5a98fcbea516cf06857215779fd812ca3bef1b32,0xc02aaa39b223fe8d0a0e5c4f27ead9083c756cc2,12136.920980348197,13750.895263265309,13849.862188973322,1613.9742829171119,1712.941208625125,0.13298053810603358,0.14113474178489563,-0.0071456975064204216,0.004874067349759604
0x42d83ad418e1e35171de7f4fe1b4fd4e5991a096,14408124,14575150,2022-03-18,2022-04-13,0x5a98fcbea516cf06857215779fd812ca3bef1b32,0xc02aaa39b223fe8d0a0e5c4f27ead9083c756cc2,1814.2447108002543,2421.0835701210653,2369.59006085362,606.838859320811,555.3453500533656,0.3344856709286684,0.3061027802629809,0.021730977909696105,12.182533555731602
0x42e2d0459ec3a588fab016e36255bb6653f651c3,14431643,14780942,2022-03-21,2022-05-15,0x5a98fcbea516cf06857215779fd812ca3bef1b32,0xc02aaa39b223fe8d0a0e5c4f27ead9083c756cc2,5860.193327984945,3116.6748088944196,3143.191710889676,-2743.518519090526,-2717.0016170952695,-0.4681617765047177,-0.4636368571870176,-0.008436298016245024,0
0x4a75afb7150e01aeb3e74491638bc90f0739549e,13902398,14584975,2021-12-29,2022-04-14,0x5a98fcbea516cf06857215779fd812ca3bef1b32,0xc02aaa39b223fe8d0a0e5c4f27ead9083c756cc2,132844.33904439883,135941.33303032588,129441.44896659699,3096.9939859270526,-3402.8900778018433,0.023312954155253727,-0.025615619771833405,0.050214858653245015,364.23825130694235
0x4b581deda2f2c0650c3dfc506c86a8c140d9f699,13569970,13880392,2021-11-07,2021-12-26,0x5a98fcbea516cf06857215779fd812ca3bef1b32,0xc02aaa39b223fe8d0a0e5c4f27ead9083c756cc2,124709.01028602025,231285.06676090165,96625.34806139942,106576.0564748814,-28083.662224620828,0.8545978853528635,-0.22519352980358773,1.3936272562137042,299.61977535460295
0x4bc78d61ccd5f4630e27742560b0c97de5262172,13610924,14827454,2021-11-14,2022-05-23,0x5a98fcbea516cf06857215779fd812ca3bef1b32,0xc02aaa39b223fe8d0a0e5c4f27ead9083c756cc2,3676.781569470004,1397.8245612981777,1309.166106237059,-2278.957008171826,-2367.615463232945,-0.6198238772449924,-0.6439369373727113,0.06772131866135005,23.404926580477607
0x4e57c67a664dc6e48d9b2a30a033643e8c2fa1ba,11730707,12470666,2021-01-26,2021-05-20,0x5a98fcbea516cf06857215779fd812ca3bef1b32,0xc02aaa39b223fe8d0a0e5c4f27ead9083c756cc2,387.253090626162,962.9464232428695,903.315778509894,575.6933326167075,516.062687883732,1.4866074578923318,1.3326238069508847,0.0660130666945085,11.462599945632935
0x4e83362442b8d1bec281594cea3050c8eb01311c,13087737,13363667,2021-08-24,2021-10-06,0x5a98fcbea516cf06857215779fd812ca3bef1b32,0xc02aaa39b223fe8d0a0e5c4f27ead9083c756cc2,807997.1628467132,617434.6726073904,608466.664667551,-190562.49023932277,-199530.49817916215,-0.2358454942687401,-0.2469445529687033,0.014738700508333109,0.3558859577764074
0x50a7737785550d626508e70f93f6ade68d24e33a,12175650,12181462,2021-04-04,2021-04-05,0x5a98fcbea516cf06857215779fd812ca3bef1b32,0xc02aaa39b223fe8d0a0e5c4f27ead9083c756cc2,21575.95982298855,23618.368202793936,23639.796069372336,2042.408379805387,2063.8362463837875,0.09466129880485137,0.09565443499690016,-0.0009064319554838427,0
0x50c3156ee21bf82ef1d8a4c2dacb6ca2bda49adb,12971953,13022049,2021-08-06,2021-08-14,0x5a98fcbea516cf06857215779fd812ca3bef1b32,0xc02aaa39b223fe8d0a0e5c4f27ead9083c756cc2,258091.19088005845,261969.36375630432,261841.62347482826,3878.172876245866,3750.432594769809,0.01502636670016433,0.014531424269000837,0.00048785322891315347,516.6155338862961
0x51d679666d6a24653f1fae57a8b1a04f69abab99,11759873,11857201,2021-01-30,2021-02-14,0x5a98fcbea516cf06857215779fd812ca3bef1b32,0xc02aaa39b223fe8d0a0e5c4f27ead9083c756cc2,13444.591245354586,15853.536229054946,15846.7369358659,2408.9449837003594,2402.1456905113137,0.1791757696265184,0.1786700425973389,0.00042906582071523835,0
0x5b7dcb8ce882f3d4c953c9f9d79e08730efe4939,12489513,12566262,2021-05-23,2021-06-04,0x5a98fcbea516cf06857215779fd812ca3bef1b32,0xc02aaa39b223fe8d0a0e5c4f27ead9083c756cc2,8194.076764347888,8307.553763135147,8295.86096768855,113.47699878725871,101.7842033406614,0.013848661911613123,0.012421680473329288,0.0014094734099497847,36.89107100638353
0x5b98eacfa9c8c5c519dad5d6c6888980a0e61db1,13259891,14613245,2021-09-20,2022-04-19,0x5a98fcbea516cf06857215779fd812ca3bef1b32,0xc02aaa39b223fe8d0a0e5c4f27ead9083c756cc2,163017.40655847912,122182.39473017506,112734.91241208109,-40835.011828304065,-50282.494146398036,-0.25049479494482907,-0.3084486203524544,0.08380263146486948,963.1998774873695
0x5bfa69517e17411beda54ea2d3672709f4867254,11811894,12256503,2021-02-07,2021-04-17,0x5a98fcbea516cf06857215779fd812ca3bef1b32,0xc02aaa39b223fe8d0a0e5c4f27ead9083c756cc2,4395.002420494483,3948.968205400752,4515.064605453915,-446.03421509373084,120.06218495943176,-0.10148668246775332,0.027317888244967913,-0.12537946840657688,54.94014102696276
0x5c9e30def85334e587cf36eb07bdd6a72bf1452d,13227375,14876112,2021-09-15,2022-05-31,0x5a98fcbea516cf06857215779fd812ca3bef1b32,0xc02aaa39b223fe8d0a0e5c4f27ead9083c756cc2,254732.93605527244,109715.5790706937,104046.76122435898,-145017.35698457874,-150686.17483091346,-0.5692917422861745,-0.5915457072980044,0.05448336670577262,6976.443455875716
0x5ed2b0ba63c6d5a82b91b61b500d58078486348d,12975485,13426071,2021-08-07,2021-10-16,0x5a98fcbea516cf06857215779fd812ca3bef1b32,0xc02aaa39b223fe8d0a0e5c4f27ead9083c756cc2,507.63623610340176,408.2486931240207,401.16184227461713,-99.38754297938107,-106.47439382878463,-0.19578496551443297,-0.2097454560101509,0.017665814897101367,0
0x61174b7e5e11139f79e6c0f07784373e86d90858,14606670,14919056,2022-04-18,2022-06-07,0x5a98fcbea516cf06857215779fd812ca3bef1b32,0xc02aaa39b223fe8d0a0e5c4f27ead9083c756cc2,27181.216901504085,18425.124683112095,18288.41286527696,-8756.09221839199,-8892.804036227124,-0.32213760885398285,-0.32716725187292983,0.007475324340183714,74.77741971587062
0x611eff619f1ad3e359823b661edaf224452eec14,13158206,13607799,2021-09-04,2021-11-13,0x5a98fcbea516cf06857215779fd812ca3bef1b32,0xc02aaa39b223fe8d0a0e5c4f27ead9083c756cc2,32411.62808123399,45385.200316115515,43595.631490012325,12973.572234881525,11184.003408778335,0.40027524079832,0.34506145080856837,0.041049269501077804,2184.8880889275174
0x617edca70efb4be0a42f1a83dc1d6cc84613e158,13436037,14714227,2021-10-17,2022-05-05,0x5a98fcbea516cf06857215779fd812ca3bef1b32,0xc02aaa39b223fe8d0a0e5c4f27ead9083c756cc2,21433.96391027402,25336.62014227971,22760.427632951778,3902.656232005691,1326.4637226777595,0.18207813768572303,0.06188606681575781,0.11318735090891732,0.0030641420933614585
0x61c808d82a3ac53231750dadc13c777b59310bd9,14993064,14993119,2022-06-19,2022-06-20,0x5a98fcbea516cf06857215779fd812ca3bef1b32,0xc02aaa39b223fe8d0a0e5c4f27ead9083c756cc2,796592.8572661472,997.8803155581982,801977.0298704966,-795594.976950589,5384.172604349442,-0.9987473145077113,0.00675900186053332,-0.9987557245676734,0
0x6371c0cd370efe30a1f95095e8ab04f06ede9580,11724565,12222810,2021-01-25,2021-04-12,0x5a98fcbea516cf06857215779fd812ca3bef1b32,0xc02aaa39b223fe8d0a0e5c4f27ead9083c756cc2,428.67273264093126,554.7750992242928,542.3858276209808,126.10236658336157,113.7130949800495,0.29416932074611,0.2652678519566555,0.022842174283303162,8.152106512918719
0x6385aeae7c6a8ab8213703783bf7630af10d83a2,12486838,12492782,2021-05-23,2021-05-23,0x5a98fcbea516cf06857215779fd812ca3bef1b32,0xc02aaa39b223fe8d0a0e5c4f27ead9083c756cc2,61368.282850599644,37171.052914182925,37128.60649954282,-24197.22993641672,-24239.676351056827,-0.3942953723395616,-0.3949870393158634,0.0011432267095892892,0
0x64ca35bef43e3358d91001e3fb98ad04fbaef864,14626778,14648551,2022-04-21,2022-04-24,0x5a98fcbea516cf06857215779fd812ca3bef1b32,0xc02aaa39b223fe8d0a0e5c4f27ead9083c756cc2,1915445.5449308888,1885403.1293596756,1884768.1991006462,-30042.415571213234,-30677.345830242615,-0.015684296351164185,-0.016015775500080574,0.0003368744545522098,590.4224804088947
0x65b1b96bd01926d3d60dd3c8bc452f22819443a9,13269710,14091986,2021-09-21,2022-01-28,0x5a98fcbea516cf06857215779fd812ca3bef1b32,0xc02aaa39b223fe8d0a0e5c4f27ead9083c756cc2,1472521.6864584591,923512.466057745,958597.9480826599,-549009.2204007141,-513923.73837579926,-0.37283608482611097,-0.34900928326008557,-0.03660083155309383,0.13913560007238399
0x65b27ba7362ce3f241dafdfc03ef24d080e41413,12538684,12606975,2021-05-31,2021-06-10,0x5a98fcbea516cf06857215779fd812ca3bef1b32,0xc02aaa39b223fe8d0a0e5c4f27ead9083c756cc2,2679.636026975904,3254.5089230426,3287.605724312528,574.8728960666963,607.969697336624,0.21453394799870174,0.22688517814217724,-0.010067144312704526,27.532170223668942
0x67d21ebd269d61ef8cd9f0f3698869b3d818a4b5,12339016,13057302,2021-04-30,2021-08-19,0x5a98fcbea516cf06857215779fd812ca3bef1b32,0xc02aaa39b223fe8d0a0e5c4f27ead9083c756cc2,25307.85340866103,51175.58283056719,51888.6307240231,25867.72942190616,26580.777315362073,1.0221226195760058,1.0502975849490819,-0.01374189072840173,0
0x6af235d2bbe050e6291615b71ca5829658810142,11721956,11742615,2021-01-25,2021-01-28,0x5a98fcbea516cf06857215779fd812ca3bef1b32,0xc02aaa39b223fe8d0a0e5c4f27ead9083c756cc2,9393.228933119786,10214.75065265015,10337.63302526285,821.521719530363,944.4040921430642,0.08745892657143084,0.10054094272238694,-0.0118868963826056,55.550583848186875
0x716a42b8b7a89ccfedb90d42036166846c38ac75,12973270,13061306,2021-08-06,2021-08-20,0x5a98fcbea516cf06857215779fd812ca3bef1b32,0xc02aaa39b223fe8d0a0e5c4f27ead9083c756cc2,4156.067540980098,5239.427833358055,5199.053069962152,1083.3602923779572,1042.9855289820543,0.26066955883071996,0.25095490357119987,0.007765791741802083,0.017795972635131087
0x738671901affbc417fa370cf936e461bb5315bd0,11735271,11773682,2021-01-27,2021-02-02,0x5a98fcbea516cf06857215779fd812ca3bef1b32,0xc02aaa39b223fe8d0a0e5c4f27ead9083c756cc2,21286.799313218973,27446.43177520865,28116.24591448754,6159.632461989677,6829.446601268566,0.2893639561004637,0.3208301304850242,-0.023823028910618264,39.786702126882915
0x74347412592483e904afadac7fcdb81894ee85e6,13595220,14678402,2021-11-11,2022-04-29,0x5a98fcbea516cf06857215779fd812ca3bef1b32,0xc02aaa39b223fe8d0a0e5c4f27ead9083c756cc2,4233.815688195025,3021.3899529179716,2759.054675569959,-1212.4257352770537,-1474.7610126250665,-0.28636715071409713,-0.348329053798228,0.0950815798145864,0.0006976527243738876
0x746682c3aaec9fd24da6e97ffb05cf43601d5155,13529716,14756861,2021-11-01,2022-05-11,0x5a98fcbea516cf06857215779fd812ca3bef1b32,0xc02aaa39b223fe8d0a0e5c4f27ead9083c756cc2,38195.22211866909,21306.735135902505,18976.943092566406,-16888.486982766583,-19218.279026102682,-0.44216229271544977,-0.5031592424411941,0.1227696174231939,0
0x7ad783e52e54542f0911dc905e82f306aae555d9,13243417,13243498,2021-09-17,2021-09-17,0x5a98fcbea516cf06857215779fd812ca3bef1b32,0xc02aaa39b223fe8d0a0e5c4f27ead9083c756cc2,16173.719830489412,16121.333459397985,16121.275647934845,-52.386371091426554,-52.444182554567305,-0.00323898099141497,-0.0032425553987712645,3.586035274333722e-06,0
0x7bac4f6563ff37491dcf89aafae4a25fd03462c7,12562481,12961254,2021-06-03,2021-08-05,0x5a98fcbea516cf06857215779fd812ca3bef1b32,0xc02aaa39b223fe8d0a0e5c4f27ead9083c756cc2,7490.9978090182,10914.56762269276,11215.131489831616,3423.5698136745605,3724.1336808134156,0.4570245381133367,0.49714788013020594,-0.026799852272027868,259.5885273005909
0x7d5c0d9f72ba92bf3d7bdbd22e02e3fe11fa06a6,13002502,13057272,2021-08-11,2021-08-19,0x5a98fcbea516cf06857215779fd812ca3bef1b32,0xc02aaa39b223fe8d0a0e5c4f27ead9083c756cc2,1496.8441360307374,1906.5533615760148,1910.379179365615,409.7092255452774,413.5350433348776,0.27371535598337277,0.27627127860584794,-0.0020026483909182367,1.6895618418276155
0x7d8c113d440bf2979f3fb22857844bb2ecc0ba8d,12574614,13684304,2021-06-05,2021-11-25,0x5a98fcbea516cf06857215779fd812ca3bef1b32,0xc02aaa39b223fe8d0a0e5c4f27ead9083c756cc2,11607.764220583826,22696.368023576837,20353.993234138605,11088.603802993011,8746.22901355478,0.9552747275250304,0.7534809328781212,0.11508183001208329,164.58125996055512
0x8149dc18d39fdba137e43c871e7801e7cf566d41,12454718,13197524,2021-05-18,2021-09-10,0x5a98fcbea516cf06857215779fd812ca3bef1b32,0xc02aaa39b223fe8d0a0e5c4f27ead9083c756cc2,2554.5024042486402,3799.147522473545,3665.356607560393,1244.6451182249048,1110.8542033117528,0.48723583745891763,0.43486128706091004,0.03650147290912607,54.31139813369617
0x84d2aada921683c009a93958a3d8f1d772c6f1be,13028254,14331829,2021-08-15,2022-03-06,0x5a98fcbea516cf06857215779fd812ca3bef1b32,0xc02aaa39b223fe8d0a0e5c4f27ead9083c756cc2,6250.977822321423,4806.6538336622925,4440.050802906617,-1444.323988659131,-1810.9270194148066,-0.23105568915980457,-0.2897029986169881,0.08256730542715507,576.06403225506
0x86ae4c400b966a63e803c85cc2df913289058b53,12445816,12727430,2021-05-16,2021-06-29,0x5a98fcbea516cf06857215779fd812ca3bef1b32,0xc02aaa39b223fe8d0a0e5c4f27ead9083c756cc2,2664.3271462145494,2178.551420356516,1881.6857863842401,-485.77572585803364,-782.6413598303093,-0.18232585534708798,-0.293748221175571,0.15776578434102903,0
0x87a77aee44412f242f9a24573c13faf5dc243ebd,13872426,13991661,2021-12-25,2022-01-12,0x5a98fcbea516cf06857215779fd812ca3bef1b32,0xc02aaa39b223fe8d0a0e5c4f27ead9083c756cc2,132002.2083265871,121842.34023264502,121335.35948888474,-10159.868093942088,-10666.84883770236,-0.07696741003609216,-0.0808081089924759,0.004178342948798166,0
0x87a77aee44412f242f9a24573c13faf5dc243ebd,13993102,14087301,2022-01-12,2022-01-27,0x5a98fcbea516cf06857215779fd812ca3bef1b32,0xc02aaa39b223fe8d0a0e5c4f27ead9083c756cc2,122807.05562352415,111861.42414008992,111308.31181569415,-10945.631483434234,-11498.743807830004,-0.08912868587118505,-0.09363259911613235,0.004969191566858197,0.12119137560076039
0x8b3cd052fd79f5a533185d7748df94b0014e38f0,13078652,13078660,2021-08-23,2021-08-23,0x5a98fcbea516cf06857215779fd812ca3bef1b32,0xc02aaa39b223fe8d0a0e5c4f27ead9083c756cc2,70240.69220958963,70356.00935037911,70356.00935037911,115.31714078948426,115.31714078948426,0.001641742658876311,0.001641742658876311,0.0,0
0x8ed14476df77bedc27af8b943efdfb2e26f2d29f,12647133,14953951,2021-06-16,2022-06-13,0x5a98fcbea516cf06857215779fd812ca3bef1b32,0xc02aaa39b223fe8d0a0e5c4f27ead9083c756cc2,101188.17459145102,38260.02084752073,35607.02195885007,-62928.15374393029,-65581.15263260095,-0.6218923703091175,-0.648110838024166,0.0745077443358406,862.6566052963769
0x90f1aebcf39c892891b0ac3866c3f357fb04ae40,14370522,15019014,2022-03-12,2022-06-24,0x5a98fcbea516cf06857215779fd812ca3bef1b32,0xc02aaa39b223fe8d0a0e5c4f27ead9083c756cc2,4206.68887299304,1582.2397743344582,1525.0093384925094,-2624.4490986585815,-2681.6795345005303,-0.6238752562633181,-0.6374798839336382,0.03752792484439586,28.178305322129223
0x917270f2f67903caee277cc2d018e032dc947c19,12337561,12992474,2021-04-29,2021-08-09,0x5a98fcbea516cf06857215779fd812ca3bef1b32,0xc02aaa39b223fe8d0a0e5c4f27ead9083c756cc2,363231.98422064655,648067.0479266825,660846.258127112,284835.06370603596,297614.2739064655,0.7841684545406439,0.8193504064490055,-0.019337644789949763,0
0x93762915239e7a59309b5c14435bfe28825e5bfd,13061638,13087289,2021-08-20,2021-08-24,0x5a98fcbea516cf06857215779fd812ca3bef1b32,0xc02aaa39b223fe8d0a0e5c4f27ead9083c756cc2,1393.6256426577859,1244.589545575588,1250.8856728381547,-149.03609708219778,-142.73996981963114,-0.1069412706829725,-0.10242346685542575,-0.005033335499223728,0
0x974678f5aff73bf7b5a157883840d752d01f1973,12739577,13157244,2021-07-01,2021-09-04,0x5a98fcbea516cf06857215779fd812ca3bef1b32,0xc02aaa39b223fe8d0a0e5c4f27ead9083c756cc2,3127.6549188420067,6540.824008639307,6461.737936787689,3413.1690897973003,3334.0830179456825,1.0912869796585498,1.066000919046435,0.012239133283534818,93.52250023191604
0x99dd878c588e70f0ea34fda6aa153f5a1de17fe9,12548964,12549080,2021-06-01,2021-06-01,0x5a98fcbea516cf06857215779fd812ca3bef1b32,0xc02aaa39b223fe8d0a0e5c4f27ead9083c756cc2,1852.5812841092193,1809.7619722679046,1809.7608310962553,-42.81931184131463,-42.82045301296398,-0.02311332420801365,-0.02311394019806987,6.305648955060961e-07,0
0x99dd878c588e70f0ea34fda6aa153f5a1de17fe9,12549498,13614450,2021-06-01,2021-11-14,0x5a98fcbea516cf06857215779fd812ca3bef1b32,0xc02aaa39b223fe8d0a0e5c4f27ead9083c756cc2,1809.707790553008,4163.300984672766,3790.2570912916326,2353.5931941197587,1980.5493007386247,1.3005376925523158,1.0944028152375977,0.09842179155557203,0.0006198175134478321
0x9aaa39409cda3a3e8696fd8d0262f3781cf3c0b1,12969283,12986438,2021-08-06,2021-08-08,0x5a98fcbea516cf06857215779fd812ca3bef1b32,0xc02aaa39b223fe8d0a0e5c4f27ead9083c756cc2,4139.329843059772,4313.581052254256,4311.484875852772,174.25120919448364,172.15503279299992,0.042096478367541254,0.04159007359165747,0.0004861843336674381,0
0x9c1363e8a8dac64147c3e5e6533dacf269471247,13048486,13204276,2021-08-18,2021-09-11,0x5a98fcbea516cf06857215779fd812ca3bef1b32,0xc02aaa39b223fe8d0a0e5c4f27ead9083c756cc2,9046.356256475863,10538.05450293163,10365.783007814367,1491.6982464557677,1319.426751338504,0.1648949261077277,0.14585173454715405,0.016619245742207314,62.27249892041279
0x9cfa0edc9d1e9586123b84882afc696230484f91,13542706,13951132,2021-11-03,2022-01-06,0x5a98fcbea516cf06857215779fd812ca3bef1b32,0xc02aaa39b223fe8d0a0e5c4f27ead9083c756cc2,100124.23814850436,97587.9454901593,96708.92923568952,-2536.2926583450608,-3415.308912814842,-0.025331455252455747,-0.03411071061284135,0.009089297766161067,1535.8950434687126
0x9d5bc1e20c131a175924e912e20255465337a223,13516028,13710148,2021-10-30,2021-11-29,0x5a98fcbea516cf06857215779fd812ca3bef1b32,0xc02aaa39b223fe8d0a0e5c4f27ead9083c756cc2,126574.62346218931,139826.21611165168,138078.6490784099,13251.59264946237,11504.025616220577,0.10469391325837853,0.0908872987456059,0.012656316127842572,1940.5447724194273
0x9d5bc1e20c131a175924e912e20255465337a223,13922605,14051223,2022-01-02,2022-01-21,0x5a98fcbea516cf06857215779fd812ca3bef1b32,0xc02aaa39b223fe8d0a0e5c4f27ead9083c756cc2,105169.59304699508,79539.63829188059,79595.55848904795,-25629.954755114493,-25574.034557947132,-0.2437011878867092,-0.24316947339065353,-0.0007025542408255789,0.18355827627865867
0x9ed629bc305c5731d43de27cbbe8f77976893c2b,11722347,11784589,2021-01-25,2021-02-03,0x5a98fcbea516cf06857215779fd812ca3bef1b32,0xc02aaa39b223fe8d0a0e5c4f27ead9083c756cc2,12860.677700316304,17031.43157937777,17903.96874889396,4170.753879061467,5043.291048577656,0.3243028070720479,0.39214815627123734,-0.04873428800919296,102.37716616904773
0xa077bd3f8cdf7181f2beae0f1ffb71d27285034f,12603273,12666904,2021-06-10,2021-06-19,0x5a98fcbea516cf06857215779fd812ca3bef1b32,0xc02aaa39b223fe8d0a0e5c4f27ead9083c756cc2,38528.548175041564,32286.202562404855,32305.74052097247,-6242.345612636709,-6222.807654069093,-0.16201870842048605,-0.1615116049999561,-0.0006047828730294125,209.34473425615968
0xa25a9b7c73158b3b34215925796ce6aa8100c13a,11968348,12823762,2021-03-04,2021-07-14,0x5a98fcbea516cf06857215779fd812ca3bef1b32,0xc02aaa39b223fe8d0a0e5c4f27ead9083c756cc2,192474.15947625483,210039.06377631822,200308.35795693414,17564.904300063383,7834.198480679304,0.09125850632552227,0.04070259873843374,0.04857863105979911,1274.1618142115924
0xa25a9b7c73158b3b34215925796ce6aa8100c13a,12929802,13062963,2021-07-31,2021-08-20,0x5a98fcbea516cf06857215779fd812ca3bef1b32,0xc02aaa39b223fe8d0a0e5c4f27ead9083c756cc2,222534.33953533432,691330.4759267983,423456.698109336,468796.136391464,200922.3585740017,2.106623801838133,0.9028824899273532,0.6325883591249691,524.2909605644006
0xa25a9b7c73158b3b34215925796ce6aa8100c13a,13083444,13088493,2021-08-23,2021-08-24,0x5a98fcbea516cf06857215779fd812ca3bef1b32,0xc02aaa39b223fe8d0a0e5c4f27ead9083c756cc2,683415.0832894553,678777.4784649047,678228.3651527658,-4637.604824550566,-5186.718136689509,-0.006785926939494169,-0.007589411272172221,0.0008096289396791292,123.55107581245743
0xa4e824cf195ab6ac261651d513459821211b44b2,13553962,14507520,2021-11-05,2022-04-02,0x5a98fcbea516cf06857215779fd812ca3bef1b32,0xc02aaa39b223fe8d0a0e5c4f27ead9083c756cc2,35541.058895068025,43995.79009021903,43392.46250542335,8454.731195151006,7851.403610355323,0.23788630552941276,0.22091079597644878,0.013903972025562662,1582.6184322033373
0xac34330d0c4c744a202ad1764880dcd0149b83ac,14411748,14446620,2022-03-18,2022-03-24,0x5a98fcbea516cf06857215779fd812ca3bef1b32,0xc02aaa39b223fe8d0a0e5c4f27ead9083c756cc2,96853.3992874411,93205.25793155504,92652.3694111527,-3648.141355886066,-4201.029876288405,-0.03766663207203629,-0.043375141267067006,0.005967343565158594,0
0xac5348a948ce281e0507d4fc87e08c28612d8e8d,13243863,13342086,2021-09-17,2021-10-02,0x5a98fcbea516cf06857215779fd812ca3bef1b32,0xc02aaa39b223fe8d0a0e5c4f27ead9083c756cc2,14152.848266174284,12693.484848439068,12589.285928418021,-1459.363417735216,-1563.5623377562624,-0.1031144678646161,-0.11047686715424072,0.00827679350628111,0.003714649325612126
0xacb8fe4a7b6a6389512cd6692f80f53099ae8ab8,13072091,14343412,2021-08-22,2022-03-08,0x5a98fcbea516cf06857215779fd812ca3bef1b32,0xc02aaa39b223fe8d0a0e5c4f27ead9083c756cc2,867.6602882256923,476.5721552372883,471.6897119521292,-391.08813298840397,-395.9705762735631,-0.45073877218485275,-0.4563659091547184,0.010350964122055382,62.3011613228409
0xae85bd3136c4da4a29d84e78a8d4b5073ae91c28,13548185,13611112,2021-11-04,2021-11-14,0x5a98fcbea516cf06857215779fd812ca3bef1b32,0xc02aaa39b223fe8d0a0e5c4f27ead9083c756cc2,276027.18970026774,387362.92187832773,401530.29673509195,111335.73217805999,125503.1070348242,0.40335059853689476,0.45467661055820424,-0.03528345176431628,4754.751386821561
0xaf09f697a7cd2c632d0ad8ccf95ad9ef05bf8a14,14436216,14492361,2022-03-22,2022-03-31,0x5a98fcbea516cf06857215779fd812ca3bef1b32,0xc02aaa39b223fe8d0a0e5c4f27ead9083c756cc2,12115.378014237976,13680.28667372845,13598.042777422665,1564.908659490473,1482.6647631846881,0.12916713433550273,0.1223787455448986,0.006048215736042351,33.45998476231553
0xb0e83c2d71a991017e0116d58c5765abc57384af,11729614,11778939,2021-01-26,2021-02-02,0x5a98fcbea516cf06857215779fd812ca3bef1b32,0xc02aaa39b223fe8d0a0e5c4f27ead9083c756cc2,18025.363556204356,17824.11885133529,17881.18477630755,-201.24470486906648,-144.1787798968071,-0.011164529594178296,-0.00799866141103049,-0.0031913950717556115,18.058753040594354
0xb193da6f9f2252be679fd5b020c22ded01f4ec8d,12505676,13145895,2021-05-25,2021-09-02,0x5a98fcbea516cf06857215779fd812ca3bef1b32,0xc02aaa39b223fe8d0a0e5c4f27ead9083c756cc2,97048.10183020864,160385.27566655286,153391.34840824542,63337.17383634421,56343.24657803678,0.6526369155283049,0.5805703101397346,0.04559531766872115,5999.177352030787
0xb587787a8c8cde1250eda1fc2e664666720c661f,12304727,12572169,2021-04-24,2021-06-05,0x5a98fcbea516cf06857215779fd812ca3bef1b32,0xc02aaa39b223fe8d0a0e5c4f27ead9083c756cc2,1084.5127984653843,1889.3083186554786,1932.0289498935483,804.7955201900943,847.516151428164,0.7420802422331043,0.7814717840374248,-0.02211179663763503,56.47921262477472
0xb60f1ffe7158c2c076d255c2cd4c514391986d1d,13891780,14197217,2021-12-28,2022-02-13,0x5a98fcbea516cf06857215779fd812ca3bef1b32,0xc02aaa39b223fe8d0a0e5c4f27ead9083c756cc2,860.6147859150626,628.5321588507,617.2632154095563,-232.08262706436267,-243.3515705055063,-0.2696707410361269,-0.2827648031247323,0.018256301622747172,0.00024232187626042122
0xbce03405638247f5ca3ea767b2367b1af307ea81,12516218,14741432,2021-05-27,2022-05-09,0x5a98fcbea516cf06857215779fd812ca3bef1b32,0xc02aaa39b223fe8d0a0e5c4f27ead9083c756cc2,9165.615190568453,13091.37504369914,10874.667833893189,3925.7598531306867,1709.052643324736,0.42831384162520253,0.18646349511633167,0.20384137186214704,26.54498962718172
0xbddb225adcd088445aa37f061bebc87c097757ae,12576821,12968650,2021-06-05,2021-08-06,0x5a98fcbea516cf06857215779fd812ca3bef1b32,0xc02aaa39b223fe8d0a0e5c4f27ead9083c756cc2,7749.8786251461215,11452.384874700509,11907.963233064624,3702.506249554387,4158.084607918502,0.4777502240539383,0.5365354490103518,-0.038258294004395225,281.42154501739105
0xc16414ac1fedfdac4f8a09674d994e1bbb9d7113,12538495,12694656,2021-05-31,2021-06-24,0x5a98fcbea516cf06857215779fd812ca3bef1b32,0xc02aaa39b223fe8d0a0e5c4f27ead9083c756cc2,103726.77616090297,79782.8073362582,79002.89359692352,-23943.968824644762,-24723.882563979452,-0.23083691319493452,-0.23835583712374606,0.009871964225941478,0.05471763564217773
0xc25c0092307a5b8afd8a4bd01351a92579040951,11722665,11741329,2021-01-25,2021-01-28,0x5a98fcbea516cf06857215779fd812ca3bef1b32,0xc02aaa39b223fe8d0a0e5c4f27ead9083c756cc2,14332.091478712118,15066.58110278996,15174.530270240877,734.4896240778417,842.4387915287589,0.05124790231549951,0.05877989215880029,-0.007113839145493607,33.82703402169477
0xc2dae49e3dba0df327f66c0ce64bc3c964aaaa5d,12640526,13460563,2021-06-15,2021-10-21,0x5a98fcbea516cf06857215779fd812ca3bef1b32,0xc02aaa39b223fe8d0a0e5c4f27ead9083c756cc2,20317.142541483983,25382.29264029693,23321.865370063675,5065.150098812948,3004.722828579692,0.24930425567821926,0.14789101481394756,0.08834744723627701,2150.5877737420965
0xc50e1c84128fdefcddc26543384bcd57bd73d072,11740457,11864038,2021-01-27,2021-02-15,0x5a98fcbea516cf06857215779fd812ca3bef1b32,0xc02aaa39b223fe8d0a0e5c4f27ead9083c756cc2,16588.947440805743,18386.12244931057,18188.391175979392,1797.175008504826,1599.4437351736487,0.10833568645133614,0.09641622778545388,0.010871289902336847,72.50564148817192
0xc5c5b53438a7fc9cddea4f0ded2d12fbf75b6c76,13495359,13629698,2021-10-26,2021-11-17,0x5a98fcbea516cf06857215779fd812ca3bef1b32,0xc02aaa39b223fe8d0a0e5c4f27ead9083c756cc2,93582.61245382085,109274.66792002184,107722.32076496046,15692.055466200982,14139.708311139606,0.16768131445298518,0.15109332749304222,0.014410636013388952,0.29363948046987787
0xc6188d9db6dd9264cec38468781987dec98b52fe,12546731,13478193,2021-06-01,2021-10-24,0x5a98fcbea516cf06857215779fd812ca3bef1b32,0xc02aaa39b223fe8d0a0e5c4f27ead9083c756cc2,472.6049998407125,800.0234630699697,730.0382744406836,327.4184632292572,257.4332745999711,0.6927951742779083,0.544711280428131,0.09586509513203949,51.73163063224309
0xc7683255d313641337be5061a7eb0ccb8e957471,14479487,14741464,2022-03-29,2022-05-09,0x5a98fcbea516cf06857215779fd812ca3bef1b32,0xc02aaa39b223fe8d0a0e5c4f27ead9083c756cc2,375470.8168635544,297374.4367211467,291319.3910820245,-78096.38014240772,-84151.42578152992,-0.20799587247492485,-0.22412241378565098,0.020784904213318654,0
0xcab146ce6085eff2f86085953bf2070c158de984,13052287,13059662,2021-08-19,2021-08-20,0x5a98fcbea516cf06857215779fd812ca3bef1b32,0xc02aaa39b223fe8d0a0e5c4f27ead9083c756cc2,10170.48385911739,11353.432989427472,11395.092365225857,1182.9491303100822,1224.6085061084668,0.11631198148450139,0.12040808707548946,-0.003655905056593978,2.7584529431328493
0xcae46a7aec75320cb2c3ef014db0aca3ce612d68,11747916,11772436,2021-01-29,2021-02-01,0x5a98fcbea516cf06857215779fd812ca3bef1b32,0xc02aaa39b223fe8d0a0e5c4f27ead9083c756cc2,1318.3704704964584,2058.3404539677686,2242.3768522656155,739.9699834713101,924.0063817691571,0.5612762118319138,0.7008700531810336,-0.08207202019228094,0.3335830346182809
0xcfdac910ea7bf7a3005a0fec2a2eded6b3c9f056,13564245,13683897,2021-11-06,2021-11-25,0x5a98fcbea516cf06857215779fd812ca3bef1b32,0xc02aaa39b223fe8d0a0e5c4f27ead9083c756cc2,191010.77708065248,193748.99045652914,191550.61376034512,2738.2133758766577,539.8366796926421,0.014335386818098086,0.0028262105832107115,0.011476740549286218,3256.526768757932
0xd1b067580ad619b32cc06309012b6b46d506ed6e,11674869,14599194,2021-01-17,2022-04-17,0x5a98fcbea516cf06857215779fd812ca3bef1b32,0xc02aaa39b223fe8d0a0e5c4f27ead9083c756cc2,736.5533815003785,6712.08022201898,2311.9430310295647,5975.526840518602,1575.3896495291863,8.112822492710979,2.1388669023826576,1.9032204219279254,46.23449593280372
0xd21da717ee1805325cd4f84cbedcddf8fc0a809c,12558269,13181459,2021-06-03,2021-09-08,0x5a98fcbea516cf06857215779fd812ca3bef1b32,0xc02aaa39b223fe8d0a0e5c4f27ead9083c756cc2,16122.984272066533,25973.148696538243,24706.046083306417,9850.16442447171,8583.061811239884,0.6109392813548397,0.5323494501021284,0.05128714683682194,0.025723648874204953
0xd940072500f52a6a6f372de8eb84617af4a26681,13061099,14196116,2021-08-20,2022-02-13,0x5a98fcbea516cf06857215779fd812ca3bef1b32,0xc02aaa39b223fe8d0a0e5c4f27ead9083c756cc2,57607.41499641095,31971.288919505627,35954.89005147244,-25636.126076905326,-21652.524944938516,-0.4450143454363037,-0.37586350552767395,-0.1107944184021687,532.4052092612219
0xda72328bbd8a6ef80238a8dfd61b0bf61ab03148,14371310,14505060,2022-03-12,2022-04-02,0x5a98fcbea516cf06857215779fd812ca3bef1b32,0xc02aaa39b223fe8d0a0e5c4f27ead9083c756cc2,2692.8723272483776,4477.795234002155,4501.7760929249525,1784.9229067537772,1808.903765676575,0.6628323551371785,0.6717376636733994,-0.0053269772702570425,0.0023287998513432944
0xdb46ddfdc731bbb7d9b8321fa1dc5e8c7f1a9c8e,11721888,11982197,2021-01-25,2021-03-06,0x5a98fcbea516cf06857215779fd812ca3bef1b32,0xc02aaa39b223fe8d0a0e5c4f27ead9083c756cc2,483.7702175365489,368.1633201033435,369.09394239255323,-115.6068974332054,-114.67627514399567,-0.2389706791416346,-0.2370469925328379,-0.00252136971736037,11.950681986634914
0xdc7bf974d38e52a66d5259feaa9552432f7dc0ca,13528399,14477209,2021-11-01,2022-03-28,0x5a98fcbea516cf06857215779fd812ca3bef1b32,0xc02aaa39b223fe8d0a0e5c4f27ead9083c756cc2,378.74069084617025,408.0762243289959,382.0967069645601,29.335533482825667,3.356016118389846,0.07745545749859928,0.008860986420265386,0.06799199493453224,26.694546889907
0xde309c38b460194a9a873cc66c963d7e1f137cfa,13931936,14542665,2022-01-03,2022-04-08,0x5a98fcbea516cf06857215779fd812ca3bef1b32,0xc02aaa39b223fe8d0a0e5c4f27ead9083c756cc2,1740.5328115225195,1971.080673231906,1878.0375930198852,230.54786170938655,137.50478149736568,0.13245821060260068,0.07900154515161613,0.04954271445781208,36.97136078945601
0xdf1b1aba9e86bd0c3b264b689d8cd5c4812f0cdd,14258055,14311717,2022-02-22,2022-03-03,0x5a98fcbea516cf06857215779fd812ca3bef1b32,0xc02aaa39b223fe8d0a0e5c4f27ead9083c756cc2,5214.012746132505,5314.501272616548,5292.687156607866,100.48852648404318,78.67441047536158,0.01927278113360589,0.015089033016599038,0.004121557795352951,25.199983160711334
0xdf47c23814de96229d535d93bbf8e41196fe8b7e,12003150,12614959,2021-03-09,2021-06-11,0x5a98fcbea516cf06857215779fd812ca3bef1b32,0xc02aaa39b223fe8d0a0e5c4f27ead9083c756cc2,1433.9970964938275,3872.844875147179,3937.8554327322345,2438.8477786533517,2503.858336238407,1.7007341120957769,1.7460693207541544,-0.01650912754304656,21.763339985584487
0xe2e4f2a725e42d0f0ef6291f46c430f963482001,14501226,14621451,2022-04-01,2022-04-20,0x5a98fcbea516cf06857215779fd812ca3bef1b32,0xc02aaa39b223fe8d0a0e5c4f27ead9083c756cc2,785561.4813885484,624149.1153706159,623658.0087582628,-161412.36601793254,-161903.47263028554,-0.20547388058363314,-0.2060990469442405,0.0007874614058605993,2276.881346516144
0xe2e74116ad684cd1c6902b784b92158f87ed36e3,13565216,13687352,2021-11-06,2021-11-26,0x5a98fcbea516cf06857215779fd812ca3bef1b32,0xc02aaa39b223fe8d0a0e5c4f27ead9083c756cc2,164607.52910696896,167333.1798132775,165201.29420947697,2725.6507063085446,593.7651025080122,0.016558481383541705,0.0036071564024398816,0.01290477543775946,0
0xe5a75edda6c51c6a54e3882f4241f4bf330437f7,13247701,13478026,2021-09-18,2021-10-24,0x5a98fcbea516cf06857215779fd812ca3bef1b32,0xc02aaa39b223fe8d0a0e5c4f27ead9083c756cc2,1042.7078696244926,918.3235068033862,947.5150823796869,-124.38436282110638,-95.19278724480569,-0.1192897516596864,-0.09129382257284314,-0.030808560327067264,21.16354435218699
0xe741f716049de5514e8304b1c666ee2b18f7027e,11721982,11729098,2021-01-25,2021-01-26,0x5a98fcbea516cf06857215779fd812ca3bef1b32,0xc02aaa39b223fe8d0a0e5c4f27ead9083c756cc2,12062.398012143816,11281.385226583108,11307.705987635101,-781.0127855607079,-754.6920245087149,-0.06474772137135779,-0.06256567091791607,-0.0023276835355265342,33.054552857200036
0xeb423dcc9b346ee4ddd3a9273854d22599566a3f,13702255,13963421,2021-11-28,2022-01-08,0x5a98fcbea516cf06857215779fd812ca3bef1b32,0xc02aaa39b223fe8d0a0e5c4f27ead9083c756cc2,64437.59777983511,53000.546535275775,52072.70156541695,-11437.051244559334,-12364.896214418157,-0.17749034164241312,-0.19188946578464144,0.01781826066184038,1327.0971070835528
0xececbde7e40e14cc66f0f3b430a2b7b2eb935259,12645857,12729026,2021-06-16,2021-06-29,0x5a98fcbea516cf06857215779fd812ca3bef1b32,0xc02aaa39b223fe8d0a0e5c4f27ead9083c756cc2,2659.5765391748055,2286.893517807228,2277.1547931401083,-372.68302136757757,-382.4217460346972,-0.1401287069118195,-0.14379046453513697,0.004276707361509806,16.942563094860077
0xed1716f756340fd737fff0ec36521ef88b2e2462,12175769,12181446,2021-04-05,2021-04-05,0x5a98fcbea516cf06857215779fd812ca3bef1b32,0xc02aaa39b223fe8d0a0e5c4f27ead9083c756cc2,60936.21547550932,59145.03223422296,59205.24770628314,-1791.1832412863587,-1730.967769226183,-0.02939439588279399,-0.028406223716368976,-0.00101706308803747,0
0xed907a250b2c1375c9cea8f63dcdf3843557bc48,13651188,13656458,2021-11-20,2021-11-21,0x5a98fcbea516cf06857215779fd812ca3bef1b32,0xc02aaa39b223fe8d0a0e5c4f27ead9083c756cc2,335787.59432053356,322837.89517331857,323032.00341596955,-12949.699147214997,-12755.590904564015,-0.038565150607838036,-0.03798708207304371,-0.0006008947738872425,238.74408650941703
0xeff73f588b763204ad8505ef6427d92c827057b3,14750248,14814430,2022-05-10,2022-05-21,0x5a98fcbea516cf06857215779fd812ca3bef1b32,0xc02aaa39b223fe8d0a0e5c4f27ead9083c756cc2,119.961704571675,90.77099825145847,90.85720925323218,-29.190706320216535,-29.104495318442815,-0.2433335406865247,-0.2426148863286066,-0.0009488625336646308,0.17767777920310457
0xf14662b6b7edfebe645d783afef03a6ce615dfe0,12350923,12456117,2021-05-02,2021-05-18,0x5a98fcbea516cf06857215779fd812ca3bef1b32,0xc02aaa39b223fe8d0a0e5c4f27ead9083c756cc2,736.5764210577788,1014.9547436590467,1003.7139314839076,278.3783226012679,267.13751042612876,0.37793542481511394,0.36267453422212365,0.011199219042940373,5.074638279447276
0xf55d7a2f553be0beaedce903103a2a13e9b5508c,13633019,13641972,2021-11-17,2021-11-18,0x5a98fcbea516cf06857215779fd812ca3bef1b32,0xc02aaa39b223fe8d0a0e5c4f27ead9083c756cc2,75142.26910706447,24572.8936205415,77486.31073221093,-50569.375486522964,2344.041625146463,-0.6729817463253676,0.03119471441309042,-0.6828743891877331,103.3268132886179
0xf5dcafa051318bdfdb6f5a78ad5086b1538322c5,12296837,12307777,2021-04-23,2021-04-25,0x5a98fcbea516cf06857215779fd812ca3bef1b32,0xc02aaa39b223fe8d0a0e5c4f27ead9083c756cc2,16679.929737473904,17579.371877139645,17591.259835795518,899.4421396657417,911.3300983216141,0.053923616815064475,0.05463632717074207,-0.000675787792735696,8.981653559713713
0xf5dcafa051318bdfdb6f5a78ad5086b1538322c5,12312006,12317656,2021-04-25,2021-04-26,0x5a98fcbea516cf06857215779fd812ca3bef1b32,0xc02aaa39b223fe8d0a0e5c4f27ead9083c756cc2,19207.97394493642,18255.625749275983,18273.8706446226,-952.3481956604373,-934.1033003138218,-0.04958087710814987,-0.04863101662838672,-0.0009984143863896945,4.385564652669521
0xf634791d5749884a45c14fe0f4fc94e7f05bffaf,13813086,13827883,2021-12-16,2021-12-18,0x5a98fcbea516cf06857215779fd812ca3bef1b32,0xc02aaa39b223fe8d0a0e5c4f27ead9083c756cc2,3142.806412414457,3260.3274387768734,3259.6780897176127,117.52102636241625,116.8716773031556,0.037393657432476364,0.0371870430330989,0.0001992064987364783,5.377684916399415
0xfadafce89ea2221fa33005640acf2c923312f2b9,11726529,11807313,2021-01-25,2021-02-07,0x5a98fcbea516cf06857215779fd812ca3bef1b32,0xc02aaa39b223fe8d0a0e5c4f27ead9083c756cc2,2862.064321155951,3719.9472370883796,3875.276324935056,857.8829159324287,1013.2120037791051,0.29974271004012265,0.3540144071150301,-0.040082067657273325,0.018055446688974044
0xfadafce89ea2221fa33005640acf2c923312f2b9,11973706,12117379,2021-03-04,2021-03-26,0x5a98fcbea516cf06857215779fd812ca3bef1b32,0xc02aaa39b223fe8d0a0e5c4f27ead9083c756cc2,20989.55030640417,17602.0605984412,17808.35570412405,-3387.48970796297,-3181.1946022801203,-0.1613893417682896,-0.15156087461814266,-0.011584174817166077,81.52589128848562
0xfcda2e65b00868e7ba1b76a00e38e1a2af9da1ad,14485232,14714672,2022-03-30,2022-05-05,0x5a98fcbea516cf06857215779fd812ca3bef1b32,0xc02aaa39b223fe8d0a0e5c4f27ead9083c756cc2,33586.555025073045,29195.766767419853,28700.09667413142,-4390.788257653192,-4886.458350941626,-0.13073053352376804,-0.14548852501525641,0.01727067678260478,0.039980587533629916
0xfdbbfb0fe2986672af97eca0e797d76a0bbf35c9,12696646,12708510,2021-06-24,2021-06-26,0x5a98fcbea516cf06857215779fd812ca3bef1b32,0xc02aaa39b223fe8d0a0e5c4f27ead9083c756cc2,9797.260630555937,9703.600255896277,9699.613596201516,-93.66037465965928,-97.64703435442061,-0.00955985332956735,-0.009966769083377923,0.0004110122176745837,11.493504271430703
0xfdbbfb0fe2986672af97eca0e797d76a0bbf35c9,12862313,12919156,2021-07-20,2021-07-29,0x5a98fcbea516cf06857215779fd812ca3bef1b32,0xc02aaa39b223fe8d0a0e5c4f27ead9083c756cc2,10414.386236397753,11031.529663581281,11015.338798083723,617.1434271835278,600.9525616859701,0.05925874201080067,0.05770407857408546,0.0014698472552087446,58.47886189808681
0xfdbbfb0fe2986672af97eca0e797d76a0bbf35c9,12919484,12984688,2021-07-29,2021-08-08,0x5a98fcbea516cf06857215779fd812ca3bef1b32,0xc02aaa39b223fe8d0a0e5c4f27ead9083c756cc2,16847.993717596524,35657.784655156756,36597.058298124444,18809.790937560232,19749.06458052792,1.1164409990202424,1.1721908799088305,-0.025665277119167378,106.77784123545179
